City_ID,City,Country,Date,Lat,Lng,Max Temp,Humidity,Cloudiness,Wind Speed
0,Hasaki,JP,2022-04-17 09:53:18,35.7333,140.8333,57.29,66,100,9.06
1,Longyearbyen,SJ,2022-04-17 09:53:18,78.2186,15.6401,21.04,68,75,6.91
2,Muisne,EC,2022-04-17 09:53:19,0.6,-80.0333,75.09,89,100,10.89
3,Esperance,AU,2022-04-17 09:53:19,-33.8667,121.9,60.64,65,95,12.75
4,Busselton,AU,2022-04-17 09:53:19,-33.65,115.3333,59.92,59,1,12.35
5,Ilulissat,GL,2022-04-17 09:53:20,69.2167,-51.1,-6.63,88,4,2.82
6,Rikitea,PF,2022-04-17 09:53:20,-23.1203,-134.9692,78.06,68,7,12.57
7,Zanjan,IR,2022-04-17 09:53:21,36.6736,48.4787,53.29,37,40,13.8
8,Port-Cartier,CA,2022-04-17 09:53:21,50.0334,-66.8654,28.51,88,65,5.95
9,Ushuaia,AR,2022-04-17 09:53:21,-54.8,-68.3,47.86,61,75,21.85
10,Mataura,NZ,2022-04-17 09:53:22,-46.1927,168.8643,45.48,96,74,2.68
11,Gondar,ET,2022-04-17 09:53:22,12.6,37.4667,73.36,36,92,4.97
12,Moyale,KE,2022-04-17 09:53:23,3.5167,39.0584,79.81,53,89,11.41
13,Saint George,US,2022-04-17 09:53:23,37.1041,-113.5841,56.79,40,0,9.22
14,Albany,US,2022-04-17 09:53:23,42.6001,-73.9662,34.18,71,27,1.01
15,East London,ZA,2022-04-17 09:53:24,-33.0153,27.9116,72.54,64,0,10.36
16,Sechura,PE,2022-04-17 09:53:24,-5.5569,-80.8222,66.72,81,12,11.7
17,Pringsewu,ID,2022-04-17 09:53:25,-5.3582,104.9744,82.81,81,73,3.18
18,Maarianhamina,AX,2022-04-17 09:53:25,60.0973,19.9348,42.66,65,0,10.36
19,Castro,BR,2022-04-17 09:53:26,-24.7911,-50.0119,51.69,92,77,7.76
20,Nishihara,JP,2022-04-17 09:53:26,26.1842,127.7558,69.85,58,40,11.5
21,Nikolskoye,RU,2022-04-17 09:53:26,59.7035,30.7861,46.87,48,76,4.09
22,Lusambo,CD,2022-04-17 09:53:27,-4.9667,23.45,92.21,43,78,3.15
23,Bluff,NZ,2022-04-17 09:53:27,-46.6,168.3333,45.81,73,55,5.28
24,Atuona,PF,2022-04-17 09:53:28,-9.8,-139.0333,79.21,76,58,16.96
25,Dingle,PH,2022-04-17 09:53:28,10.9995,122.6711,79.86,81,53,7.76
26,Veraval,IN,2022-04-17 09:53:29,20.9,70.3667,87.75,51,0,12.06
27,Puerto Ayora,EC,2022-04-17 09:53:29,-0.7393,-90.3518,74.34,93,71,6.2
28,Constitucion,CL,2022-04-17 09:50:56,-35.3333,-72.4167,52.79,72,0,2.42
29,Dikson,RU,2022-04-17 09:53:29,73.5069,80.5464,11.32,88,100,16.37
30,Nanortalik,GL,2022-04-17 09:53:30,60.1432,-45.2371,29.61,86,100,6.15
31,Ruwi,OM,2022-04-17 09:53:30,23.5996,58.5507,94.66,37,9,12.41
32,Oktyabrskiy,RU,2022-04-17 09:53:31,54.4815,53.471,47.86,61,88,11.61
33,Qaanaaq,GL,2022-04-17 09:53:31,77.484,-69.3632,-19.32,67,0,8.01
34,Capoterra,IT,2022-04-17 09:53:31,39.1763,8.9718,69.55,45,0,8.05
35,Kodiak,US,2022-04-17 09:53:32,57.79,-152.4072,37.02,72,71,7.9
36,Pevek,RU,2022-04-17 09:53:32,69.7008,170.3133,-4.99,100,77,3.24
37,Tuktoyaktuk,CA,2022-04-17 09:53:33,69.4541,-133.0374,-3.05,95,82,8.03
38,Soderhamn,SE,2022-04-17 09:53:33,61.3037,17.0592,56.95,53,12,0.4
39,Chitrakonda,IN,2022-04-17 09:53:34,18.1167,82.0833,82.44,58,89,9.22
40,Manado,ID,2022-04-17 09:53:34,1.487,124.8455,86.77,66,20,5.75
41,Mar Del Plata,AR,2022-04-17 09:50:13,-38.0023,-57.5575,55.87,91,100,4.0
42,Karasuk,RU,2022-04-17 09:53:34,53.7377,78.0403,65.43,37,100,8.25
43,Punta Arenas,CL,2022-04-17 09:51:44,-53.15,-70.9167,46.51,93,75,8.05
44,Ziyang,CN,2022-04-17 09:53:35,29.2497,117.8547,54.25,93,100,0.81
45,Dwarka,IN,2022-04-17 09:55:10,22.2394,68.9678,85.39,65,0,14.72
46,Chilca,PE,2022-04-17 09:55:11,-12.5211,-76.7372,65.35,89,100,3.42
47,Salto,UY,2022-04-17 09:52:19,-31.3833,-57.9667,58.87,83,98,1.99
48,Guane,CU,2022-04-17 09:55:11,22.2025,-84.0875,70.9,90,0,5.06
49,Kavieng,PG,2022-04-17 09:55:12,-2.5744,150.7967,83.39,72,90,14.14
50,Cairns,AU,2022-04-17 09:52:24,-16.9167,145.7667,73.35,88,100,6.91
51,Atambua,ID,2022-04-17 09:55:12,-9.1061,124.8925,76.33,86,99,2.57
52,Bredasdorp,ZA,2022-04-17 09:55:13,-34.5322,20.0403,69.12,45,4,10.2
53,Hendaye,FR,2022-04-17 09:55:13,43.3717,-1.7738,66.27,63,0,6.91
54,Burgeo,CA,2022-04-17 09:53:35,47.6167,-57.6152,37.09,92,98,10.22
55,Inongo,CD,2022-04-17 09:55:13,-1.95,18.2667,78.37,78,100,3.36
56,Dunedin,NZ,2022-04-17 09:54:12,-45.8742,170.5036,54.81,81,96,8.99
57,Santo Tomas,PH,2022-04-17 09:55:14,14.1079,121.1414,82.65,81,83,7.63
58,Terdal,IN,2022-04-17 09:55:14,16.5,75.05,99.68,16,8,2.75
59,Port Elizabeth,ZA,2022-04-17 09:52:39,-33.918,25.5701,70.09,68,40,9.22
60,Lebu,CL,2022-04-17 09:55:15,-37.6167,-73.65,52.05,94,36,5.17
61,Wahiawa,US,2022-04-17 09:54:18,21.5028,-158.0236,69.87,82,13,6.44
62,Gayeri,BF,2022-04-17 09:55:15,12.6497,0.4931,91.35,9,100,11.54
63,Lompoc,US,2022-04-17 09:50:59,34.6391,-120.4579,53.78,87,100,18.01
64,Saint-Philippe,RE,2022-04-17 09:55:16,-21.3585,55.7679,87.12,80,31,11.63
65,Badarganj,BD,2022-04-17 09:55:16,25.674,89.0549,98.02,27,49,6.53
66,Jamestown,US,2022-04-17 09:51:15,42.097,-79.2353,30.52,76,100,14.97
67,Nargana,PA,2022-04-17 09:55:17,9.4428,-78.5906,78.91,82,100,5.66
68,Rockhampton,AU,2022-04-17 09:52:38,-23.3833,150.5,73.29,64,0,5.75
69,Khor,RU,2022-04-17 09:55:17,47.8861,134.9464,40.64,55,70,7.78
70,Pathein,MM,2022-04-17 09:54:11,16.7833,94.7333,90.39,54,45,13.4
71,Goderich,CA,2022-04-17 09:55:18,43.7501,-81.7165,32.92,69,100,14.97
72,Kapaa,US,2022-04-17 09:55:18,22.0752,-159.319,71.58,99,44,12.08
73,Bima,ID,2022-04-17 09:55:18,-8.4667,118.7167,79.97,87,91,1.3
74,Lafia,NG,2022-04-17 09:55:19,8.4833,8.5167,94.8,42,29,5.93
75,Port Alfred,ZA,2022-04-17 09:55:19,-33.5906,26.891,70.18,71,95,1.99
76,Naraina,IN,2022-04-17 09:55:20,26.7833,75.2,105.71,10,53,14.76
77,Zhigansk,RU,2022-04-17 09:55:20,66.7697,123.3711,26.24,90,99,26.08
78,Nizwa,OM,2022-04-17 09:55:20,22.9333,57.5333,101.79,9,47,15.41
79,Ust-Nera,RU,2022-04-17 09:55:21,64.5667,143.2,12.36,95,94,2.55
80,Palu,ID,2022-04-17 09:55:21,-0.8917,119.8707,78.84,92,99,1.77
81,Hilo,US,2022-04-17 09:55:21,19.7297,-155.09,72.63,81,100,8.99
82,Agadir,MA,2022-04-17 09:55:22,30.4202,-9.5982,82.85,25,100,2.13
83,Remiremont,FR,2022-04-17 09:55:22,48.0175,6.5882,53.78,24,0,8.14
84,Auki,SB,2022-04-17 09:55:22,-8.7676,160.7034,77.83,86,100,3.85
85,Idlib,SY,2022-04-17 09:55:23,35.9306,36.6339,77.99,21,11,9.01
86,Bac Ninh,VN,2022-04-17 09:55:23,21.1833,106.05,66.29,81,100,6.69
87,Kahului,US,2022-04-17 09:55:23,20.8947,-156.47,75.85,80,46,13.0
88,Cascais,PT,2022-04-17 09:51:38,38.6979,-9.4215,64.51,66,20,24.0
89,Kholodnyy,RU,2022-04-17 09:56:24,62.7167,147.95,5.63,90,85,3.94
90,Tilichiki,RU,2022-04-17 09:56:24,60.4667,166.1,15.91,96,32,4.5
91,Port Lincoln,AU,2022-04-17 09:56:25,-34.7333,135.8667,63.05,82,100,5.7
92,Thompson,CA,2022-04-17 09:56:25,55.7435,-97.8558,14.16,67,75,2.3
93,Barrow,US,2022-04-17 09:55:01,71.2906,-156.7887,-2.72,99,13,9.91
94,Terrace,CA,2022-04-17 09:53:38,54.5163,-128.6035,30.11,64,20,2.3
95,Fare,PF,2022-04-17 09:56:26,-16.7,-151.0167,81.0,72,2,11.77
96,San Lawrenz,MT,2022-04-17 09:56:26,36.0553,14.204,67.41,77,4,1.99
97,Codrington,AU,2022-04-17 09:56:26,-38.2667,141.9667,62.47,89,100,8.08
98,Lavrentiya,RU,2022-04-17 09:56:27,65.5833,-171.0,29.21,98,100,10.27
99,Akureyri,IS,2022-04-17 09:56:27,65.6835,-18.0878,48.13,71,40,11.5
100,Wajir,KE,2022-04-17 09:56:28,1.7471,40.0573,91.36,43,75,3.44
101,Lencois Paulista,BR,2022-04-17 09:56:28,-22.5986,-48.8003,57.69,92,0,9.24
102,Westport,US,2022-04-17 09:52:06,41.1415,-73.3579,43.56,93,26,1.99
103,Chuy,UY,2022-04-17 09:56:29,-33.6971,-53.4616,59.5,85,49,4.97
104,Mahebourg,MU,2022-04-17 09:56:29,-20.4081,57.7,81.25,89,75,6.91
105,Georgetown,MY,2022-04-17 09:56:29,5.4112,100.3354,91.33,70,20,11.99
106,Mutare,ZW,2022-04-17 09:56:30,-18.9707,32.6709,74.66,59,77,5.99
107,Faanui,PF,2022-04-17 09:56:30,-16.4833,-151.75,81.25,73,12,12.88
108,Hami,CN,2022-04-17 09:56:31,42.8,93.45,67.17,10,0,4.18
109,Nantucket,US,2022-04-17 09:56:31,41.2835,-70.0995,46.51,89,75,10.36
110,Sitka,US,2022-04-17 09:56:32,57.0531,-135.33,36.61,85,100,2.04
111,Pasni,PK,2022-04-17 09:56:32,25.2631,63.471,84.6,71,84,9.51
112,Rehoboth,NA,2022-04-17 09:56:32,-23.3167,17.0833,79.2,22,1,6.42
113,Qui Nhon,VN,2022-04-17 09:56:33,13.7667,109.2333,80.02,79,48,6.82
114,Sinazongwe,ZM,2022-04-17 09:56:33,-17.2614,27.4618,77.67,72,98,5.91
115,Arraial Do Cabo,BR,2022-04-17 09:56:33,-22.9661,-42.0278,69.66,83,75,9.22
116,Luderitz,NA,2022-04-17 09:56:34,-26.6481,15.1594,77.67,47,0,9.22
117,Woodbridge,US,2022-04-17 09:53:38,40.5576,-74.2846,44.55,75,0,6.91
118,Debre Birhan,ET,2022-04-17 09:56:34,9.6833,39.5333,68.45,35,53,12.75
119,Hobart,AU,2022-04-17 09:54:18,-42.8794,147.3294,65.23,76,75,14.97
120,Vardo,NO,2022-04-17 09:56:35,70.3705,31.1107,38.03,85,99,21.23
121,Tasiilaq,GL,2022-04-17 09:56:35,65.6145,-37.6368,34.29,99,100,2.06
122,Cherskiy,RU,2022-04-17 09:56:36,68.75,161.3,3.4,97,96,6.73
123,Novaya Zaimka,RU,2022-04-17 09:56:36,56.4857,66.9241,44.55,51,44,11.16
124,Bulgan,MN,2022-04-17 09:56:37,48.8125,103.5347,54.05,27,2,4.83
125,Carnarvon,AU,2022-04-17 09:56:37,-24.8667,113.6333,69.87,83,100,17.27
126,Gali,GE,2022-04-17 09:56:37,42.6265,41.7381,73.92,35,26,4.05
127,Vaini,TO,2022-04-17 09:56:38,-21.2,-175.2,75.36,94,40,3.44
128,Severo-Kurilsk,RU,2022-04-17 09:56:38,50.6789,156.125,28.58,78,61,15.39
129,Saldanha,ZA,2022-04-17 09:56:39,-33.0117,17.9442,80.65,55,0,12.64
130,Ekibastuz,KZ,2022-04-17 09:56:39,51.6667,75.3667,71.53,30,69,6.96
131,Buford,US,2022-04-17 09:56:37,34.1207,-84.0043,58.69,96,75,1.99
132,Upernavik,GL,2022-04-17 09:56:39,72.7868,-56.1549,-19.16,98,91,9.89
133,Cape Town,ZA,2022-04-17 09:56:40,-33.9258,18.4232,76.12,44,0,8.05
134,Griffith,US,2022-04-17 09:56:40,41.5284,-87.4237,31.05,93,75,0.0
135,Torbay,CA,2022-04-17 09:57:52,47.6666,-52.7314,45.37,66,75,9.22
136,Butaritari,KI,2022-04-17 09:57:52,3.0707,172.7902,82.0,76,67,14.05
137,Komsomolskiy,UZ,2022-04-17 09:57:52,40.4272,71.7189,84.92,13,93,6.91
138,Togitsu,JP,2022-04-17 09:57:53,32.8333,129.85,66.18,45,0,12.66
139,Avarua,CK,2022-04-17 09:57:53,-21.2078,-159.775,75.25,94,90,4.61
140,Muroto,JP,2022-04-17 09:57:54,33.2833,134.15,59.99,50,0,1.83
141,Mecca,SA,2022-04-17 09:55:26,21.4267,39.8261,104.0,10,0,7.76
142,Grand Gaube,MU,2022-04-17 09:57:54,-20.0064,57.6608,81.37,84,27,7.0
143,Portobelo,PA,2022-04-17 09:57:55,9.55,-79.65,78.96,87,96,7.23
144,Cidreira,BR,2022-04-17 09:57:55,-30.1811,-50.2056,65.19,74,79,5.82
145,Saskylakh,RU,2022-04-17 09:57:55,71.9167,114.0833,28.22,96,100,20.24
146,Provideniya,RU,2022-04-17 09:57:56,64.3833,-173.3,30.38,96,100,13.47
147,Kuito,AO,2022-04-17 09:57:56,-12.3833,16.9333,66.34,77,75,6.91
148,Bensonville,LR,2022-04-17 09:57:56,6.4461,-10.6125,76.55,91,100,1.45
149,Gizo,SB,2022-04-17 09:57:57,-8.103,156.8419,81.99,75,100,5.79
150,Meulaboh,ID,2022-04-17 09:57:57,4.1363,96.1285,82.9,81,62,6.29
151,Sakakah,SA,2022-04-17 09:57:57,29.9697,40.2064,85.57,8,0,5.35
152,Pisco,PE,2022-04-17 09:54:42,-13.7,-76.2167,61.02,88,0,5.75
153,Mitsamiouli,KM,2022-04-17 09:57:58,-11.3847,43.2844,84.16,74,9,9.22
154,Kachiry,KZ,2022-04-17 09:57:58,53.0675,76.1036,66.61,36,100,9.26
155,Awbari,LY,2022-04-17 09:57:59,26.5921,12.7805,70.66,36,5,14.29
156,Berberati,CF,2022-04-17 09:57:59,4.2612,15.7922,92.68,41,71,2.46
157,Deputatskiy,RU,2022-04-17 09:58:00,69.3,139.9,10.2,99,100,3.13
158,Shar,KZ,2022-04-17 09:58:00,49.5886,81.0453,70.75,14,42,10.71
159,Okitipupa,NG,2022-04-17 09:58:00,6.5047,4.7839,95.27,46,87,2.46
160,Lorengau,PG,2022-04-17 09:58:01,-2.0226,147.2712,81.9,80,32,6.24
161,Mitzic,GA,2022-04-17 09:58:01,0.7821,11.549,84.16,61,99,2.53
162,Hermanus,ZA,2022-04-17 09:58:02,-34.4187,19.2345,69.8,52,23,8.41
163,Yanam,IN,2022-04-17 09:58:02,16.7333,82.2167,93.18,49,33,11.79
164,Omboue,GA,2022-04-17 09:58:02,-1.5746,9.2618,85.59,66,99,6.44
165,Byron Bay,AU,2022-04-17 09:55:56,-28.65,153.6167,69.69,71,46,9.13
166,Marawi,PH,2022-04-17 09:58:03,7.9986,124.2928,70.79,96,100,3.78
167,Port Hardy,CA,2022-04-17 09:58:03,50.6996,-127.4199,42.8,93,0,4.61
168,Beringovskiy,RU,2022-04-17 09:58:04,63.05,179.3167,30.67,98,100,17.81
169,Selfoss,IS,2022-04-17 09:58:04,63.9331,-20.9971,46.04,80,100,8.48
170,Petropavlovsk-Kamchatskiy,RU,2022-04-17 09:58:04,53.0452,158.6483,32.59,64,0,4.47
171,Evensk,RU,2022-04-17 09:58:05,61.95,159.2333,29.46,90,100,8.03
172,Sao Filipe,CV,2022-04-17 09:58:05,14.8961,-24.4956,70.95,76,55,6.26
173,Souillac,MU,2022-04-17 09:58:06,-20.5167,57.5167,80.98,89,75,6.91
174,Turayf,SA,2022-04-17 09:58:06,31.6725,38.6637,79.05,13,0,4.61
175,San Luis,AR,2022-04-17 09:58:06,-33.295,-66.3356,55.26,54,1,7.07
176,Vakhrushev,RU,2022-04-17 09:58:07,48.9833,142.9667,32.14,91,94,3.18
177,Bethel,US,2022-04-17 09:58:07,41.3712,-73.414,39.94,94,20,3.0
178,New Norfolk,AU,2022-04-17 09:58:08,-42.7826,147.0587,64.89,64,100,5.01
179,Hithadhoo,MV,2022-04-17 09:58:08,-0.6,73.0833,83.62,69,100,5.12
180,Karasjok,NO,2022-04-17 09:58:09,69.4719,25.5112,38.84,98,100,9.55
181,Roswell,US,2022-04-17 09:58:04,34.0232,-84.3616,60.85,96,100,0.0
182,Nuuk,GL,2022-04-17 09:58:09,64.1835,-51.7216,14.23,84,82,4.7
183,Natchitoches,US,2022-04-17 09:58:09,31.7668,-93.1335,72.45,94,100,4.61
184,Palencia,ES,2022-04-17 09:58:10,42.4167,-4.5,57.92,34,71,2.95
185,Stephenville,US,2022-04-17 09:58:36,32.2207,-98.2023,57.74,65,100,5.75
186,Parintins,BR,2022-04-17 09:59:10,-2.6283,-56.7358,72.34,98,100,1.92
187,Urcos,PE,2022-04-17 09:59:10,-13.6861,-71.6228,45.28,93,28,2.8
188,Sobolevo,RU,2022-04-17 09:59:11,54.4299,31.8996,41.65,45,77,18.45
189,Waingapu,ID,2022-04-17 09:59:11,-9.6567,120.2641,82.2,79,100,7.94
190,Seddon,AU,2022-04-17 09:59:12,-37.8068,144.8916,78.82,43,100,11.5
191,Ucluelet,CA,2022-04-17 09:59:12,48.9329,-125.5528,36.09,89,39,2.08
192,Watertown,US,2022-04-17 09:58:09,42.3709,-71.1828,40.86,89,51,5.99
193,Nome,US,2022-04-17 09:59:13,64.5011,-165.4064,32.16,76,97,18.68
194,Lagoa,PT,2022-04-17 09:59:13,39.05,-27.9833,57.42,70,4,12.53
195,Jardim,BR,2022-04-17 09:59:12,-21.4803,-56.1381,63.77,68,96,2.53
196,Chazuta,PE,2022-04-17 09:59:13,-6.5742,-76.1367,73.72,91,93,0.98
197,Geraldton,AU,2022-04-17 09:59:14,-28.7667,114.6,70.21,60,64,18.41
198,Kununurra,AU,2022-04-17 09:59:14,-15.7667,128.7333,89.58,55,67,5.75
199,Ribeira Grande,PT,2022-04-17 09:59:15,38.5167,-28.7,61.2,72,20,10.36
200,Clyde River,CA,2022-04-17 09:59:15,70.4692,-68.5914,-18.17,76,0,5.75
201,Ahipara,NZ,2022-04-17 09:59:16,-35.1667,173.1667,63.36,89,100,19.77
202,Rossland,CA,2022-04-17 09:59:16,49.0831,-117.8022,29.71,76,100,11.01
203,Kalmthout,BE,2022-04-17 09:58:22,51.3846,4.4742,61.9,43,8,5.75
204,Namibe,AO,2022-04-17 09:59:17,-15.1961,12.1522,72.23,73,0,0.0
205,Les Cayes,HT,2022-04-17 09:59:17,18.2,-73.75,72.05,84,69,4.61
206,Olafsvik,IS,2022-04-17 09:59:17,64.8945,-23.7142,42.57,84,100,13.27
207,Tiksi,RU,2022-04-17 09:59:18,71.6872,128.8694,1.27,98,10,4.76
208,Sisimiut,GL,2022-04-17 09:59:18,66.9395,-53.6735,15.35,53,93,2.95
209,Pataskala,US,2022-04-17 09:59:18,39.9956,-82.6743,31.51,72,12,3.0
210,Mount Gambier,AU,2022-04-17 09:59:19,-37.8333,140.7667,60.71,94,100,4.61
211,Srednekolymsk,RU,2022-04-17 09:59:19,67.45,153.6833,10.62,94,98,6.06
212,Yulara,AU,2022-04-17 09:59:20,-25.2406,130.9889,85.84,23,1,11.5
213,Sao Borja,BR,2022-04-17 09:59:20,-28.6606,-56.0044,52.95,90,94,6.26
214,Banbury,GB,2022-04-17 09:59:21,52.0602,-1.3403,61.45,67,100,3.0
215,Caravelas,BR,2022-04-17 09:59:21,-17.7125,-39.2481,75.87,74,100,10.92
216,Kirkuk,IQ,2022-04-17 09:59:21,35.4681,44.3922,78.76,16,0,4.05
217,Tera,NE,2022-04-17 09:59:22,14.0078,0.7531,85.39,9,100,11.95
218,Iskateley,RU,2022-04-17 09:59:22,67.6803,53.1512,31.46,96,97,14.99
219,Springbok,ZA,2022-04-17 09:59:23,-29.6643,17.8865,76.86,20,0,4.99
220,Khatanga,RU,2022-04-17 09:59:23,71.9667,102.5,21.69,94,100,10.18
221,Burnie,AU,2022-04-17 09:59:23,-41.0667,145.9167,61.7,92,100,9.42
222,Xicotencatl,MX,2022-04-17 09:59:24,23.0167,-98.8833,77.47,87,60,3.4
223,Chokurdakh,RU,2022-04-17 09:59:24,70.6333,147.9167,-3.93,98,17,5.64
224,San Cristobal,VE,2022-04-17 09:59:25,7.7669,-72.225,66.7,88,100,1.34
225,Hobyo,SO,2022-04-17 09:59:25,5.3505,48.5268,88.38,62,61,13.33
226,Kuliyapitiya,LK,2022-04-17 09:59:25,7.4688,80.0401,87.48,57,64,8.99
227,Rio Gallegos,AR,2022-04-17 09:59:26,-51.6226,-69.2181,48.25,76,0,11.5
228,Rodrigues Alves,BR,2022-04-17 09:59:26,-7.738,-72.6509,69.12,98,8,2.08
229,Uvinza,TZ,2022-04-17 09:59:26,-5.1036,30.3911,76.1,74,100,5.91
230,Sovetskiy,RU,2022-04-17 09:59:27,61.3614,63.5842,32.45,82,100,11.01
231,Curuca,BR,2022-04-17 09:59:27,-0.7289,-47.8481,74.41,96,93,2.51
232,Kaitangata,NZ,2022-04-17 09:59:27,-46.2817,169.8464,46.89,94,97,5.75
233,Wanning,CN,2022-04-17 10:00:31,18.8003,110.3967,78.73,83,84,9.33
234,Windhoek,NA,2022-04-17 10:01:07,-22.5594,17.0832,78.12,24,39,1.99
235,Severnyy,RU,2022-04-17 10:01:07,50.677,36.5532,44.64,87,100,6.71
236,Victoria,HK,2022-04-17 09:58:57,22.2855,114.1577,75.18,71,98,10.0
237,Bonoua,CI,2022-04-17 10:01:07,5.2741,-3.595,82.02,89,100,3.85
238,Bengkulu,ID,2022-04-17 10:01:08,-3.8004,102.2655,82.65,82,72,4.43
239,Talnakh,RU,2022-04-17 10:01:08,69.4865,88.3972,15.82,92,97,13.13
240,Tornio,FI,2022-04-17 10:01:09,65.8481,24.1466,39.22,84,87,4.0
241,Djambala,CG,2022-04-17 10:01:09,-2.5447,14.7533,85.41,57,97,2.73
242,Guerrero Negro,MX,2022-04-17 10:01:09,27.9769,-114.0611,58.44,90,83,15.41
243,Onojo,JP,2022-04-17 10:01:10,33.5357,130.4786,62.35,44,0,8.05
244,Russkaya Polyana,UA,2022-04-17 10:01:10,49.417,31.9201,41.14,75,98,8.72
245,Najran,SA,2022-04-17 10:01:11,17.4924,44.1277,91.74,11,3,7.92
246,Kalmar,SE,2022-04-17 10:01:11,56.6616,16.3616,54.14,60,40,7.0
247,Inirida,CO,2022-04-17 10:01:11,3.8653,-67.9239,72.45,92,98,0.96
248,Muros,ES,2022-04-17 10:01:12,42.7762,-9.0603,59.85,75,100,9.64
249,Melilla,ES,2022-04-17 10:01:12,35.2937,-2.9383,75.58,38,0,3.44
250,Kruisfontein,ZA,2022-04-17 10:01:13,-34.0033,24.7314,66.88,53,83,3.36
251,Thunder Bay,CA,2022-04-17 09:57:51,48.4001,-89.3168,24.78,80,100,3.44
252,Yangjiang,CN,2022-04-17 09:57:18,21.85,111.9667,71.64,78,100,7.96
253,Bud,US,2022-04-17 10:01:13,39.447,-86.1758,37.17,73,70,9.4
254,Bambous Virieux,MU,2022-04-17 10:01:14,-20.3428,57.7575,81.21,80,42,15.14
255,Airai,TL,2022-04-17 10:01:14,-8.9266,125.4092,62.56,97,100,2.44
256,Pangnirtung,CA,2022-04-17 10:01:14,66.1451,-65.7125,8.6,96,100,1.45
257,Camacupa,AO,2022-04-17 10:01:15,-12.0167,17.4833,70.34,78,100,4.56
258,Atar,MR,2022-04-17 10:01:15,20.5169,-13.0499,92.28,9,10,22.62
259,Nelson Bay,AU,2022-04-17 09:57:35,-32.7167,152.15,70.0,84,25,11.88
260,Surt,LY,2022-04-17 10:01:16,31.2089,16.5887,64.42,68,84,22.57
261,La Ronge,CA,2022-04-17 10:01:16,55.1001,-105.2842,22.5,97,100,4.07
262,Aizpute,LV,2022-04-17 10:01:17,56.7167,21.6,45.63,34,75,5.7
263,Hope,US,2022-04-17 10:00:55,33.6671,-93.5916,60.08,99,100,8.46
264,Taszar,HU,2022-04-17 10:01:17,46.3747,17.9059,50.68,42,47,14.41
265,Alofi,NU,2022-04-17 10:01:18,-19.0595,-169.9187,81.75,75,50,10.69
266,Chicama,PE,2022-04-17 10:01:18,-7.8447,-79.1469,65.26,88,63,4.47
267,Marrakesh,MA,2022-04-17 10:00:50,31.6315,-8.0083,80.67,28,0,2.3
268,Rio Cuarto,AR,2022-04-17 10:01:18,-33.1307,-64.3499,56.48,61,12,7.4
269,Ust-Barguzin,RU,2022-04-17 10:01:19,53.45,108.9833,39.02,91,100,0.78
270,Ancud,CL,2022-04-17 10:01:19,-41.8697,-73.8203,48.24,86,59,1.48
271,Magan,ES,2022-04-17 10:01:20,39.9683,-3.931,68.52,39,14,4.09
272,Anupgarh,IN,2022-04-17 10:01:20,29.1911,73.2086,107.71,4,55,4.47
273,Isangel,VU,2022-04-17 10:01:21,-19.55,169.2667,80.49,81,100,2.42
274,Fortuna,US,2022-04-17 10:01:21,40.5982,-124.1573,39.65,95,0,8.05
275,Galle,LK,2022-04-17 10:01:21,6.0367,80.217,85.17,68,84,8.32
276,Port Augusta,AU,2022-04-17 10:01:22,-32.5,137.7667,67.73,82,100,18.3
277,Ayan,RU,2022-04-17 10:02:22,56.45,138.1667,25.07,81,63,3.27
278,Aswan,EG,2022-04-17 10:02:23,24.0934,32.907,103.33,7,96,7.29
279,Zhezkazgan,KZ,2022-04-17 10:02:23,47.8043,67.7144,75.18,29,0,13.42
280,Gilbues,BR,2022-04-17 10:02:23,-9.8317,-45.3439,72.16,93,100,2.06
281,Galesong,ID,2022-04-17 10:02:24,-5.3166,119.3661,84.22,78,97,1.41
282,Glens Falls,US,2022-04-17 10:02:24,43.3095,-73.644,37.04,94,100,1.99
283,Sinnamary,GF,2022-04-17 10:02:25,5.3833,-52.95,76.73,87,86,10.27
284,Sambava,MG,2022-04-17 10:02:25,-14.2667,50.1667,84.33,64,9,12.28
285,Florianopolis,BR,2022-04-17 09:58:59,-27.6146,-48.5012,66.42,76,75,2.3
286,Hamilton,US,2022-04-17 10:02:25,39.1834,-84.5333,36.99,70,0,8.05
287,Vestmannaeyjar,IS,2022-04-17 10:02:26,63.4427,-20.2734,44.4,79,100,10.87
288,Tonantins,BR,2022-04-17 10:02:26,-2.8731,-67.8022,72.57,99,100,0.85
289,Ambon,ID,2022-04-17 10:02:26,-3.6954,128.1814,82.54,83,40,1.14
290,Leningradskiy,RU,2022-04-17 10:02:27,69.3833,178.4167,3.87,97,97,4.68
291,Saint-Augustin,CA,2022-04-17 10:02:27,51.226,-58.6502,30.04,95,100,2.64
292,Anloga,GH,2022-04-17 10:02:28,5.7947,0.8973,84.65,71,66,9.31
293,Klaksvik,FO,2022-04-17 10:02:28,62.2266,-6.589,47.32,98,100,15.57
294,Bonavista,CA,2022-04-17 10:02:29,48.6499,-53.1147,36.81,80,100,13.53
295,Port Blair,IN,2022-04-17 10:02:29,11.6667,92.75,86.7,60,6,6.02
296,San Pedro,PH,2022-04-17 10:02:29,14.35,121.0167,83.35,76,56,13.85
297,Aviles,ES,2022-04-17 10:02:30,43.5547,-5.9248,57.76,75,100,5.75
298,Pooler,US,2022-04-17 10:00:04,32.1155,-81.2471,69.94,97,99,2.44
299,Marabba,SD,2022-04-17 10:02:30,12.35,32.1833,99.48,25,76,9.19
300,Rawson,AR,2022-04-17 10:02:31,-43.3002,-65.1023,51.55,84,1,12.03
301,Hameenlinna,FI,2022-04-17 10:02:31,60.996,24.4643,48.36,54,61,4.99
302,Nichinan,JP,2022-04-17 10:02:31,31.6,131.3667,60.33,65,23,2.17
303,Orizona,BR,2022-04-17 10:02:32,-17.0314,-48.2958,60.84,72,99,2.15
304,Zlynka,RU,2022-04-17 10:02:32,52.4267,31.7378,36.63,91,100,13.06
305,Iqaluit,CA,2022-04-17 10:02:33,63.7506,-68.5145,-4.31,76,20,23.0
306,Torbat-E Jam,IR,2022-04-17 10:02:33,35.244,60.6225,72.63,31,100,9.91
307,Zhanaozen,KZ,2022-04-17 10:02:34,43.3,52.8,67.82,37,89,12.5
308,Zyryanka,RU,2022-04-17 10:02:34,65.75,150.85,12.36,93,100,4.21
309,Puerto Escondido,MX,2022-04-17 10:02:34,15.85,-97.0667,79.45,67,28,5.3
310,Roald,NO,2022-04-17 10:02:35,62.5833,6.1333,52.72,66,0,5.75
311,Lata,PT,2022-04-17 10:02:35,40.1629,-8.3327,66.07,54,99,4.36
312,Yellowknife,CA,2022-04-17 10:01:39,62.456,-114.3525,-12.66,98,74,5.03
313,Ugep,NG,2022-04-17 10:02:36,5.8086,8.0812,91.2,54,71,4.18
314,Tautira,PF,2022-04-17 10:02:36,-17.7333,-149.15,80.08,76,5,11.41
315,Korla,CN,2022-04-17 10:02:37,41.7597,86.1469,67.33,8,3,8.95
316,Fort Smith,US,2022-04-17 10:02:37,35.3859,-94.3986,55.72,71,100,13.8
317,Alice Springs,AU,2022-04-17 09:58:01,-23.7,133.8833,87.35,20,41,5.75
318,Fairbanks,US,2022-04-17 10:02:38,64.8378,-147.7164,4.48,90,13,5.28
319,Harper,LR,2022-04-17 10:02:38,4.375,-7.7169,78.55,80,100,8.16
320,Rabo De Peixe,PT,2022-04-17 10:02:38,37.8,-25.5833,62.11,77,20,14.97
321,Sheltozero,RU,2022-04-17 10:03:58,61.3667,35.3667,39.47,71,97,6.89
322,Gohad,IN,2022-04-17 10:03:58,26.4261,78.4447,109.69,4,0,12.71
323,Takoradi,GH,2022-04-17 10:03:59,4.8845,-1.7554,80.74,77,100,4.7
324,Lenine,UA,2022-04-17 10:03:59,45.2986,35.7771,58.77,54,99,5.37
325,Hofn,IS,2022-04-17 10:03:59,64.2539,-15.2082,46.04,99,100,4.25
326,Allapalli,IN,2022-04-17 10:04:00,19.4167,80.0667,108.12,12,91,4.92
327,Manicore,BR,2022-04-17 10:04:00,-5.8092,-61.3003,72.48,99,100,0.85
328,San Patricio,US,2022-04-17 10:04:01,28.017,-97.5169,75.18,97,77,6.13
329,Pacific Grove,US,2022-04-17 10:02:48,36.6177,-121.9166,47.66,90,1,1.99
330,Helong,CN,2022-04-17 10:04:01,42.5397,128.9972,50.02,45,85,4.21
331,Charlestown,AU,2022-04-17 10:04:01,-32.95,151.6667,69.73,84,0,7.67
332,Taoudenni,ML,2022-04-17 10:04:02,22.6783,-3.9836,81.03,24,0,14.79
333,Aneho,TG,2022-04-17 10:04:02,6.2333,1.6,87.31,64,36,9.4
334,Gaya,IN,2022-04-17 10:04:03,24.7833,85.0,107.51,14,20,12.66
335,Sibu,MY,2022-04-17 10:04:03,2.3,111.8167,79.74,92,98,3.06
336,Neuquen,AR,2022-04-17 09:59:07,-38.9516,-68.0591,53.49,87,100,5.75
337,Apastovo,RU,2022-04-17 10:04:03,55.2029,48.5109,47.1,84,100,3.8
338,Kirensk,RU,2022-04-17 10:04:04,57.7853,108.1119,46.38,91,100,13.71
339,Dinan,FR,2022-04-17 10:04:04,48.4167,-2.25,63.46,61,100,6.93
340,Brownsville,US,2022-04-17 10:01:14,25.9018,-97.4975,77.09,90,75,9.22
341,La Maddalena,IT,2022-04-17 10:02:18,41.2142,9.4083,62.76,60,2,33.73
342,Axim,GH,2022-04-17 10:04:05,4.8699,-2.2405,80.28,78,98,4.54
343,Hambantota,LK,2022-04-17 10:04:05,6.1241,81.1185,88.14,79,90,9.22
344,Outjo,NA,2022-04-17 10:04:06,-20.1167,16.15,82.9,33,69,8.28
345,Tessalit,ML,2022-04-17 10:04:06,20.1986,1.0114,78.31,19,96,13.35
346,Otorohanga,NZ,2022-04-17 10:04:07,-38.1833,175.2,56.34,76,95,4.85
347,Qaqortoq,GL,2022-04-17 10:04:07,60.7167,-46.0333,28.96,84,100,2.89
348,Ponta Delgada,PT,2022-04-17 10:04:07,37.7333,-25.6667,63.32,77,20,14.97
349,Tuburan,PH,2022-04-17 10:04:08,6.6439,122.2736,82.36,74,92,1.07
350,Te Anau,NZ,2022-04-17 10:04:08,-45.4167,167.7167,44.87,90,8,1.32
351,Tulagi,SB,2022-04-17 10:04:09,-9.0996,160.1476,82.36,72,96,2.98
352,Quelimane,MZ,2022-04-17 10:04:09,-17.8786,36.8883,83.39,73,40,7.74
353,Qeshm,IR,2022-04-17 10:04:09,26.9581,56.2719,93.07,44,3,16.71
354,Smirnykh,RU,2022-04-17 10:04:10,49.75,142.8333,29.64,97,99,6.04
355,Ashland,US,2022-04-17 10:01:57,40.8167,-82.2665,32.16,71,8,7.9
356,Karpogory,RU,2022-04-17 10:04:10,64.0019,44.4451,37.78,91,100,11.25
357,Bonthe,SL,2022-04-17 10:04:11,7.5264,-12.505,84.4,52,77,6.31
358,Adrar,MR,2022-04-17 10:04:11,20.5022,-10.0711,86.18,11,7,19.73
359,Terekli-Mekteb,RU,2022-04-17 10:04:12,44.1671,45.8698,68.67,35,4,14.14
360,Cabo San Lucas,MX,2022-04-17 10:03:17,22.8909,-109.9124,75.51,28,97,12.57
361,Brae,GB,2022-04-17 10:04:12,60.3964,-1.353,48.69,89,100,11.95
362,Mandera,KE,2022-04-17 10:04:12,3.9366,41.867,94.01,40,95,13.65
363,Nachingwea,TZ,2022-04-17 10:04:13,-10.3833,38.7667,80.17,77,93,8.01
364,Libin,BE,2022-04-17 10:04:13,49.9833,5.2833,54.03,41,1,10.36
365,Havre-Saint-Pierre,CA,2022-04-17 10:04:13,50.2334,-63.5986,31.89,91,100,3.53
366,Arlit,NE,2022-04-17 10:04:14,18.7369,7.3853,83.84,12,100,7.92
367,Shelburne,CA,2022-04-17 10:04:14,44.0787,-80.2041,25.9,87,95,11.43
368,Ampanihy,MG,2022-04-17 10:05:15,-24.7,44.75,92.37,35,9,5.26
369,Albanel,CA,2022-04-17 10:05:15,48.8832,-72.4487,26.47,92,62,4.18
370,Sawakin,SD,2022-04-17 10:05:15,19.1059,37.3321,92.35,28,0,11.18
371,Ayr,GB,2022-04-17 10:05:16,55.4627,-4.6339,58.32,72,40,16.11
372,San-Pedro,CI,2022-04-17 10:05:16,4.7485,-6.6363,77.16,86,99,6.6
373,Ostrovnoy,RU,2022-04-17 10:05:17,68.0531,39.5131,34.63,99,100,26.4
374,Peniche,PT,2022-04-17 10:05:17,39.3558,-9.3811,63.28,86,100,19.08
375,Kaspiyskiy,RU,2022-04-17 10:05:17,45.3929,47.3707,60.71,51,6,11.65
376,Port Hueneme,US,2022-04-17 10:05:18,34.1478,-119.1951,57.96,89,100,5.75
377,Bosaso,SO,2022-04-17 10:05:18,11.2842,49.1816,92.73,51,16,12.77
378,Santa Cruz De La Palma,ES,2022-04-17 10:05:18,28.6835,-17.7642,69.94,83,20,16.11
379,Thinadhoo,MV,2022-04-17 10:05:19,0.5333,72.9333,84.33,64,86,8.23
380,Petukhovo,RU,2022-04-17 10:05:19,55.0692,67.9019,52.2,32,21,10.71
381,Norman Wells,CA,2022-04-17 10:05:20,65.282,-126.8329,-6.79,100,78,1.54
382,Pangody,RU,2022-04-17 10:05:20,65.85,74.4859,14.92,80,81,12.35
383,Keta,GH,2022-04-17 10:05:20,5.9179,0.9879,85.82,67,63,8.08
384,Samarai,PG,2022-04-17 10:05:21,-10.6167,150.6667,82.42,78,95,10.38
385,Kyabram,AU,2022-04-17 10:05:21,-36.3167,145.05,73.87,42,100,9.64
386,Phalaborwa,ZA,2022-04-17 10:01:28,-23.943,31.1411,64.4,75,100,13.91
387,Kattivakkam,IN,2022-04-17 10:05:22,13.2167,80.3167,93.29,77,44,16.53
388,Inhambane,MZ,2022-04-17 10:05:22,-23.865,35.3833,74.8,86,98,7.52
389,Krasnyy Bor,RU,2022-04-17 10:05:23,59.6819,30.6681,47.71,48,76,4.29
390,Crib Point,AU,2022-04-17 10:05:23,-38.35,145.2,77.59,62,100,9.4
391,Port Keats,AU,2022-04-17 10:05:23,-14.25,129.55,82.72,72,23,7.07
392,Parkes,AU,2022-04-17 10:05:24,-33.1333,148.1833,64.35,58,2,5.08
393,Vicuna,CL,2022-04-17 10:05:24,-30.0319,-70.7081,46.13,41,0,1.9
394,Tiarei,PF,2022-04-17 10:05:25,-17.5333,-149.3333,77.02,76,2,11.63
395,Malayal,PH,2022-04-17 10:05:25,7.208,121.942,81.81,80,99,4.09
396,Katsuura,JP,2022-04-17 10:05:25,35.1333,140.3,58.5,66,100,8.9
397,Lake Havasu City,US,2022-04-17 10:05:26,34.4839,-114.3224,66.81,26,0,4.61
398,Oktyabrskoye,RU,2022-04-17 10:05:26,43.0645,44.7417,66.34,39,6,11.18
399,Port Hedland,AU,2022-04-17 10:05:27,-20.3167,118.5667,89.65,48,18,11.5
400,Mount Isa,AU,2022-04-17 10:05:27,-20.7333,139.5,83.97,23,0,6.91
401,Cayenne,GF,2022-04-17 10:05:27,4.9333,-52.3333,81.09,1,75,8.01
402,Tuatapere,NZ,2022-04-17 10:05:28,-46.1333,167.6833,45.07,86,18,3.49
403,Buala,SB,2022-04-17 10:05:28,-8.145,159.5921,80.51,80,100,4.36
404,Casambalangan,PH,2022-04-17 10:05:28,18.3765,122.1274,77.47,83,58,11.03
405,Yamada,JP,2022-04-17 10:05:29,39.4667,141.95,46.63,74,2,9.89
406,Bathsheba,BB,2022-04-17 10:05:29,13.2167,-59.5167,79.41,73,40,16.11
407,Gubkinskiy,RU,2022-04-17 10:05:30,64.434,76.5026,19.09,75,100,17.2
408,Mtwara,TZ,2022-04-17 10:05:30,-10.2667,40.1833,85.82,70,77,10.22
409,Vao,NC,2022-04-17 10:05:30,-22.6667,167.4833,77.07,69,2,2.93
410,Ghanzi,BW,2022-04-17 10:05:31,-21.5667,21.7833,77.94,51,78,10.54
411,Aklavik,CA,2022-04-17 10:05:31,68.2191,-135.0107,-1.23,83,32,12.44
412,Oistins,BB,2022-04-17 10:05:32,13.0667,-59.5333,78.89,73,40,16.11
413,Poum,NC,2022-04-17 10:05:32,-20.2333,164.0167,78.94,62,7,8.21
414,Yichun,CN,2022-04-17 10:05:32,47.7,128.9,37.13,47,64,3.04
415,Opuwo,NA,2022-04-17 10:05:33,-18.0607,13.84,83.46,27,77,10.78
416,Necochea,AR,2022-04-17 10:06:52,-38.5473,-58.7368,53.74,76,65,4.65
417,Eurajoki,FI,2022-04-17 10:06:52,61.2,21.7333,48.22,65,57,6.71
418,Avera,US,2022-04-17 10:06:53,33.194,-82.5271,63.91,96,96,4.68
419,Port-Gentil,GA,2022-04-17 10:06:53,-0.7193,8.7815,85.96,74,40,8.05
420,Coihaique,CL,2022-04-17 10:06:54,-45.5752,-72.0662,31.95,100,0,4.61
421,Oranjemund,NA,2022-04-17 10:06:54,-28.55,16.4333,75.38,40,0,6.46
422,Abu Samrah,SY,2022-04-17 10:06:54,35.3029,37.1841,81.36,13,1,9.33
423,Bokoro,TD,2022-04-17 10:06:55,12.3807,17.0568,103.62,22,45,8.34
424,Jacobina,BR,2022-04-17 10:06:55,-11.1806,-40.5183,72.09,95,95,3.36
425,Auchtermuchty,GB,2022-04-17 10:06:56,56.2916,-3.2343,59.25,75,100,1.01
426,Tolaga Bay,NZ,2022-04-17 10:06:56,-38.3667,178.3,59.36,73,100,7.07
427,Berdigestyakh,RU,2022-04-17 10:06:56,62.0989,126.6992,28.94,84,98,6.44
428,Kyzyl,RU,2022-04-17 10:06:57,51.7,94.45,63.66,27,44,2.98
429,Okato,NZ,2022-04-17 10:06:57,-39.2,173.8833,58.91,69,83,6.82
430,Wadi Musa,JO,2022-04-17 10:06:58,30.3222,35.4793,82.51,9,0,4.14
431,Rosetta,EG,2022-04-17 10:06:58,31.4044,30.4164,88.48,28,86,10.65
432,Puerto Carreno,CO,2022-04-17 10:06:58,6.189,-67.4859,76.23,88,100,5.57
433,Mamallapuram,IN,2022-04-17 10:06:59,12.6264,80.1722,93.25,66,11,17.78
434,Imbituba,BR,2022-04-17 10:06:59,-28.24,-48.6703,67.86,73,89,6.38
435,Rawatsar,IN,2022-04-17 10:06:59,29.2833,74.3833,108.37,5,32,8.7
436,Coolum Beach,AU,2022-04-17 10:07:00,-26.5333,153.1,68.11,89,7,9.24
437,Emba,KZ,2022-04-17 10:07:00,48.8264,58.1442,61.3,42,100,1.12
438,Baghdad,IQ,2022-04-17 10:06:09,33.3406,44.4009,84.11,10,0,4.61
439,Hagere Hiywet,ET,2022-04-17 10:07:01,8.9833,37.85,73.92,50,93,5.19
440,San Francisco,US,2022-04-17 10:06:00,37.7749,-122.4194,48.06,84,75,14.97
441,Nea Alikarnassos,GR,2022-04-17 10:07:01,35.3333,25.1667,73.08,49,75,11.45
442,Olinda,BR,2022-04-17 10:04:47,-8.0089,-34.8553,78.53,94,75,5.75
443,Tekeli,KZ,2022-04-17 10:07:02,44.83,78.8239,69.31,20,19,2.24
444,Ginir,ET,2022-04-17 10:07:02,7.1333,40.7,73.04,52,97,6.31
445,Broken Hill,AU,2022-04-17 10:07:03,-31.95,141.4333,76.19,27,100,6.04
446,Neosho,US,2022-04-17 10:07:03,36.869,-94.368,53.26,64,100,3.0
447,Victor Harbor,AU,2022-04-17 10:07:03,-35.5667,138.6167,62.67,88,100,2.95
448,Bechem,GH,2022-04-17 10:07:04,7.0903,-2.025,86.65,58,98,2.28
449,Poya,NC,2022-04-17 10:07:04,-21.35,165.15,73.27,77,4,2.89
450,Bajil,YE,2022-04-17 10:07:05,15.0584,43.2851,99.48,29,37,16.62
451,Lerwick,GB,2022-04-17 10:07:05,60.1545,-1.1494,48.2,94,100,14.36
452,Boma,GH,2022-04-17 10:07:05,7.0805,-2.1697,86.7,59,99,1.92
453,Keti Bandar,PK,2022-04-17 10:07:06,24.1447,67.4497,87.48,64,4,19.06
454,Port Said,EG,2022-04-17 10:07:06,31.2565,32.2841,70.97,59,9,16.04
455,Dourados,BR,2022-04-17 10:07:06,-22.2211,-54.8056,54.88,91,22,3.27
456,Robertsport,LR,2022-04-17 10:07:07,6.7533,-11.3686,79.12,77,100,2.15
457,Yertarskiy,RU,2022-04-17 10:07:07,56.7902,64.2995,43.02,53,56,7.0
458,Amapa,BR,2022-04-17 10:08:08,1.0,-52.0,70.12,99,97,1.41
459,Kohima,IN,2022-04-17 10:08:08,25.6667,94.1167,74.71,40,49,3.36
460,Padang,ID,2022-04-17 10:08:09,-0.9492,100.3543,86.05,81,80,2.53
461,Minab,IR,2022-04-17 10:08:09,27.1467,57.0801,95.86,29,0,14.54
462,Policoro,IT,2022-04-17 10:08:09,40.2115,16.6726,55.98,76,100,5.01
463,Haines Junction,CA,2022-04-17 10:08:10,60.7522,-137.5108,22.51,89,100,3.87
464,Kamenka,RU,2022-04-17 10:08:10,51.3223,42.7678,53.6,71,96,11.34
465,Urengoy,RU,2022-04-17 10:08:11,65.9667,78.3667,14.31,80,98,17.16
466,Okhotsk,RU,2022-04-17 10:08:11,59.3833,143.3,22.48,85,97,5.61
467,Bestobe,KZ,2022-04-17 10:08:11,52.4994,73.0975,62.37,42,100,11.52
468,Shalya,RU,2022-04-17 10:08:12,57.2471,58.7298,40.73,49,94,3.15
469,Touros,BR,2022-04-17 10:08:12,-5.1989,-35.4608,79.16,84,87,5.73
470,Yar-Sale,RU,2022-04-17 10:08:13,66.8333,70.8333,16.3,79,14,6.2
471,Porto Novo,BJ,2022-04-17 10:04:12,6.4965,2.6036,89.91,58,89,7.29
472,Ponta Do Sol,PT,2022-04-17 10:08:13,32.6667,-17.1,75.13,39,100,10.4
473,Damghan,IR,2022-04-17 10:08:14,36.1683,54.348,61.56,36,12,9.28
474,Moron,AR,2022-04-17 10:08:14,-34.6534,-58.6198,64.96,87,95,1.77
475,Lircay,PE,2022-04-17 10:08:14,-12.9896,-74.7205,42.42,88,100,1.23
476,Catumbela,AO,2022-04-17 10:08:15,-12.4314,13.5472,82.74,74,94,5.21
477,Mombetsu,JP,2022-04-17 10:04:12,44.3525,143.3525,40.46,70,79,6.64
478,Kavaratti,IN,2022-04-17 10:08:15,10.5669,72.642,84.76,71,73,5.93
479,Tubajon,PH,2022-04-17 10:08:16,10.3317,125.5619,80.01,77,59,10.02
480,Shadegan,IR,2022-04-17 10:08:16,30.6497,48.6647,89.76,7,0,20.98
481,Zonguldak,TR,2022-04-17 10:08:16,41.25,31.8333,52.65,45,100,4.36
482,Lasa,IT,2022-04-17 10:08:17,46.6166,10.7002,58.37,52,4,5.95
483,Jasper,US,2022-04-17 10:08:17,37.2001,-94.3502,47.05,80,100,10.36
484,Emerald,AU,2022-04-17 10:07:06,-23.5333,148.1667,71.35,40,0,9.15
485,Rongcheng,CN,2022-04-17 10:08:18,30.634,117.8517,59.81,69,100,0.65
486,Husavik,IS,2022-04-17 10:08:18,66.0449,-17.3389,43.7,86,78,9.73
487,Nyagan,RU,2022-04-17 10:08:19,62.1406,65.3936,31.64,82,100,3.53
488,Praia Da Vitoria,PT,2022-04-17 10:08:19,38.7333,-27.0667,62.76,72,14,11.32
489,Ishurdi,BD,2022-04-17 10:08:19,24.1333,89.0833,101.57,21,38,4.72
490,Kongsvinger,NO,2022-04-17 10:08:20,60.1905,11.9977,53.46,51,75,1.43
491,Kormilovka,RU,2022-04-17 10:08:20,55.0026,74.1028,57.7,38,6,10.2
492,Alyangula,AU,2022-04-17 10:08:20,-13.8483,136.4192,81.0,75,83,11.05
493,Tari,NG,2022-04-17 10:08:21,12.4086,4.4914,97.11,16,58,7.65
494,Callaway,US,2022-04-17 10:08:21,30.153,-85.5699,68.95,95,100,3.44
495,Baraya,CO,2022-04-17 10:08:21,3.1533,-75.0531,71.91,80,100,2.08
496,Falun,SE,2022-04-17 10:08:22,60.6036,15.626,56.95,52,23,2.59
497,Batagay,RU,2022-04-17 10:08:22,67.6333,134.6333,16.57,92,94,5.39
498,Sokolo,ML,2022-04-17 10:08:23,14.7328,-6.1219,91.81,14,12,13.47
499,Ukiah,US,2022-04-17 10:05:03,39.1502,-123.2078,41.43,92,0,0.0
500,Icod De Los Vinos,ES,2022-04-17 10:08:23,28.3724,-16.7119,83.95,46,100,10.18
501,Wasilla,US,2022-04-17 10:08:24,61.5814,-149.4394,36.82,74,100,5.75
502,Yarke Pole,UA,2022-04-17 10:08:24,45.608,34.3172,62.08,49,99,7.07
503,Conceicao Da Barra,BR,2022-04-17 10:08:25,-18.5933,-39.7322,72.0,79,99,5.99
504,Rafai,CF,2022-04-17 10:08:25,4.95,23.9167,93.67,38,92,4.23
505,Saint-Georges,GD,2022-04-17 10:08:25,12.0564,-61.7485,78.55,77,67,16.46
506,Borogontsy,RU,2022-04-17 10:08:26,62.6683,131.1683,22.08,89,73,1.92
507,Hualmay,PE,2022-04-17 10:09:26,-11.0964,-77.6139,64.87,90,100,6.51
508,Itarema,BR,2022-04-17 10:09:27,-2.9248,-39.9167,77.77,89,65,6.08
509,Saint Thomas,BB,2022-04-17 10:09:27,13.1833,-59.5833,76.32,73,40,16.11
510,Waipawa,NZ,2022-04-17 10:09:27,-41.4122,175.5153,46.38,84,28,5.19
511,Vanavara,RU,2022-04-17 10:09:28,60.34,102.2797,49.03,84,100,14.07
512,Kuminskiy,RU,2022-04-17 10:09:28,58.6667,66.5667,39.06,57,98,11.16
513,Monze,ZM,2022-04-17 10:09:29,-16.2833,27.4833,78.42,54,44,9.53
514,Nenagh,IE,2022-04-17 10:09:29,52.8619,-8.1967,50.56,96,100,6.13
515,Concepcion Del Oro,MX,2022-04-17 10:09:29,24.6333,-101.4167,59.97,52,21,4.34
516,Qasigiannguit,GL,2022-04-17 10:09:30,68.8193,-51.1922,-6.75,89,8,3.24
517,Yerbogachen,RU,2022-04-17 10:09:30,61.2767,108.0108,45.3,85,100,12.66
518,Beloha,MG,2022-04-17 10:09:31,-25.1667,45.05,89.08,46,38,10.36
519,Marovoay,MG,2022-04-17 10:10:38,-16.1,46.6333,90.66,45,1,7.92
520,Pontes E Lacerda,BR,2022-04-17 10:10:38,-15.2261,-59.3353,66.72,88,3,4.25
521,Margate,GB,2022-04-17 10:10:39,51.3813,1.3862,58.1,64,80,11.68
522,Barra,BR,2022-04-17 10:10:39,-11.0894,-43.1417,73.08,90,96,0.58
523,Katy,US,2022-04-17 10:10:39,29.7858,-95.8244,73.18,93,100,6.91
524,Kenai,US,2022-04-17 10:10:40,60.5544,-151.2583,36.14,76,100,0.0
525,Lufkin,US,2022-04-17 10:10:40,31.3382,-94.7291,71.83,95,100,6.91
526,Acarau,BR,2022-04-17 10:10:41,-2.8856,-40.12,77.61,89,55,7.16
527,Itoman,JP,2022-04-17 10:10:41,26.1247,127.6694,69.82,58,40,11.5
528,Gushikawa,JP,2022-04-17 10:10:41,26.3544,127.8686,69.03,58,75,5.75
529,Inza,RU,2022-04-17 10:10:42,53.8533,46.3586,51.73,81,100,11.81
530,Labuhan,ID,2022-04-17 10:10:42,-6.8844,112.2051,84.07,76,74,7.14
531,Boa Vista,BR,2022-04-17 10:10:43,2.8197,-60.6733,75.18,83,0,4.61
532,Abu Dhabi,AE,2022-04-17 10:10:25,24.4667,54.3667,95.11,26,0,11.5
533,Tezu,IN,2022-04-17 10:10:43,27.9167,96.1667,82.74,53,47,4.14
534,Juba,SS,2022-04-17 10:10:44,4.8517,31.5825,94.78,34,84,3.42
535,Podporozhye,RU,2022-04-17 10:10:44,60.9112,34.1706,40.37,78,97,6.58
536,Kropotkin,RU,2022-04-17 10:10:44,45.4375,40.5756,68.59,44,77,5.26
537,Rognan,NO,2022-04-17 10:10:45,67.0953,15.3878,44.74,93,100,4.07
